index,title,year,authors,venue,doi,url,categories,readiness,test_mapping,source_query,relevance_score,cited_by_crossref
1,Modeling tropotaxis in ant colonies: recruitment and trail formation,2018,Ramirez et al.,arXiv,10.48550/arxiv.1811.00590,https://arxiv.org/abs/1811.00590,pheromone_trail_foraging;computational_swarm_model,direct_or_near_term,existing_or_extend_trail_probe,seed,24,
2,"A Model for Foraging Ants, Controlled by Spiking Neural Networks and Double Pheromones",2015,Jimenez-Romero et al.,arXiv,10.48550/arxiv.1507.08467,https://arxiv.org/abs/1507.08467,pheromone_trail_foraging;networks_interactions;computational_swarm_model,direct_or_near_term,existing_or_extend_trail_probe,seed,24,
3,A continuous model of ant foraging with pheromones and trail formation,2014,Amorim,arXiv,10.48550/arxiv.1402.5611,https://arxiv.org/abs/1402.5611,pheromone_trail_foraging;computational_swarm_model,direct_or_near_term,existing_or_extend_trail_probe,seed,24,
4,A stochastic model of ant trail following with two pheromones,2015,"Malickova, Yates & Bodova",arXiv,10.48550/arxiv.1508.06816,https://arxiv.org/abs/1508.06816,pheromone_trail_foraging;computational_swarm_model,direct_or_near_term,existing_or_extend_trail_probe,seed,22,
5,Trafficlike collective movement of ants on trails: absence of a jammed phase,2009,John et al.,Physical Review Letters / arXiv,10.1103/physrevlett.102.108001,https://arxiv.org/abs/0903.2717,pheromone_trail_foraging;traffic_collective_motion,direct_or_near_term,existing_or_extend_trail_probe;existing_traffic_density_probe,seed,22,
6,Applying Social Network Analysis to Agent-Based Models: A Case Study of Task Allocation in Swarm Robotics Inspired by Ant Foraging Behavior,2019,"Georgina Montserrat Reséndiz-Benhumea, Tom Froese, Gabriel Ramos-Fernández, Sandra E. Smith-Aguilar",The 2019 Conference on Artificial Life,10.1162/isal_a_00229,https://doi.org/10.1162/isal_a_00229,pheromone_trail_foraging;task_allocation_division_labor;networks_interactions;computational_swarm_model,direct_or_near_term,existing_or_extend_trail_probe;existing_task_demand_probe,ant social insect network task allocation,20,3
7,Modeling no-jam traffic in ant trails: a pheromone-controlled approach,2018,"Ning Guo, Mao-Bin Hu, Rui Jiang, Jianxun Ding, et al.",Journal of Statistical Mechanics: Theory and Experiment,10.1088/1742-5468/aabfc7,https://doi.org/10.1088/1742-5468/aabfc7,pheromone_trail_foraging;traffic_collective_motion;food_quality_choice;networks_interactions;computational_swarm_model,direct_or_near_term,existing_or_extend_trail_probe;existing_traffic_density_probe;needs_food_quality_resource_model,ant double bridge experiment pheromone,20,3
8,Optimal and Resilient Pheromone Utilization in Ant Foraging,2015,"Afek, Kecher & Sulamy",arXiv,10.48550/arxiv.1507.00772,https://arxiv.org/abs/1507.00772,pheromone_trail_foraging,direct_or_near_term,existing_or_extend_trail_probe,seed,20,
9,Optimal traffic organisation in ants under crowded conditions,2004,Dussutour et al.,Nature,10.1038/nature02585,https://arxiv.org/abs/cond-mat/0403142,traffic_collective_motion,direct_or_near_term,existing_traffic_density_probe,seed,20,
10,Phase Transitions in Ant Traffic Driven by Density-Dependent Pheromone Feedback,2026,"Ozhan Kayacan, Salih Yalcinbas",Elsevier BV,10.2139/ssrn.6619462,https://doi.org/10.2139/ssrn.6619462,pheromone_trail_foraging;traffic_collective_motion;necrophoresis_social_immunity;computational_swarm_model,direct_or_near_term,existing_or_extend_trail_probe;existing_traffic_density_probe;extend_corpse_cleanup_probe,ant foraging pheromone model,18,0
11,Hacking the Colony: On the Disruptive Effect of Misleading Pheromone and How to Defend Against It,2022,Aswale et al.,AAMAS / arXiv,10.48550/arxiv.2202.01808,https://arxiv.org/abs/2202.01808,misleading_negative_pheromone;pheromone_trail_foraging,direct_or_near_term,existing_or_extend_negative_pheromone_probe;existing_or_extend_trail_probe,seed,18,
12,Diverse Stochasticity Leads a Colony of Ants to Optimal Foraging,2018,Shiraishi et al.,arXiv,10.48550/arxiv.1805.05598,https://arxiv.org/abs/1805.05598,pheromone_trail_foraging,direct_or_near_term,existing_or_extend_trail_probe,seed,18,
13,Individual rules for trail pattern formation in Argentine ants (Linepithema humile),2012,Perna et al.,PLoS Computational Biology / arXiv,10.1371/journal.pcbi.1002592,https://arxiv.org/abs/1201.5827,pheromone_trail_foraging,direct_or_near_term,existing_or_extend_trail_probe,seed,18,
14,Heterogeneous multi-agent task allocation based on graph neural network ant colony optimization algorithms,2023,"Ziyuan Ma, Huajun Gong",Intelligence &amp; Robotics,10.20517/ir.2023.33,https://doi.org/10.20517/ir.2023.33,task_allocation_division_labor;networks_interactions;computational_swarm_model,direct_or_near_term,existing_task_demand_probe,ant task allocation response threshold,16,8
15,Small differences in learning speed for different food qualities can drive efficient collective foraging in ant colonies,2018,"F. B. Oberhauser, A. Koch, T. J. Czaczkes",openRxiv,10.1101/274209,https://doi.org/10.1101/274209,pheromone_trail_foraging;food_quality_choice;networks_interactions;computational_swarm_model,direct_or_near_term,existing_or_extend_trail_probe;needs_food_quality_resource_model,army ant raid collective behavior model,16,2
16,Analysis of Cooperative Perception in Ant Traffic and Its Effects on Transportation System by Using a Congestion-Free Ant-Trail Model,2021,"Prafull Kasture, Hidekazu Nishimura",Sensors,10.3390/s21072393,https://doi.org/10.3390/s21072393,pheromone_trail_foraging;traffic_collective_motion;computational_swarm_model,direct_or_near_term,existing_or_extend_trail_probe;existing_traffic_density_probe,ant traffic trail density flow,16,1
17,A Pheromone-Based Utility Model for Collaborative Foraging,2004,"Liviu Panait, Sean Luke",International Joint Conference on Autonomous Agents and Multiagent Systems,10.65109/aoay8418,https://doi.org/10.65109/aoay8418,pheromone_trail_foraging;food_quality_choice;computational_swarm_model,direct_or_near_term,existing_or_extend_trail_probe;needs_food_quality_resource_model,ant foraging pheromone model,16,1
18,A Pheromone-Based Utility Model for Collaborative Foraging,2004,"Liviu Panait, Sean Luke",International Joint Conference on Autonomous Agents and Multiagent Systems,10.65109/ivir1553,https://doi.org/10.65109/ivir1553,pheromone_trail_foraging;food_quality_choice;computational_swarm_model,direct_or_near_term,existing_or_extend_trail_probe;needs_food_quality_resource_model,ant foraging pheromone model,16,1
19,Development of Task Allocation Method for Swarm Robotic Systems Using Optimal Foraging Theory and Ant Colony Labor Division Model,2021,"Takuya YAMASHITA, Kohei YAMAGISHI, Tsuyoshi SUZUKI",The Proceedings of JSME annual Conference on Robotics and Mechatronics (Robomec),10.1299/jsmermd.2021.1p2-f03,https://doi.org/10.1299/jsmermd.2021.1p2-f03,pheromone_trail_foraging;task_allocation_division_labor;computational_swarm_model,direct_or_near_term,existing_or_extend_trail_probe;existing_task_demand_probe,ant division of labor task allocation model,16,0
20,Dynamical models of task organization in social insect colonies,2015,Kang & Theraulaz,arXiv,10.48550/arxiv.1511.04769,https://arxiv.org/abs/1511.04769,task_allocation_division_labor;computational_swarm_model,direct_or_near_term,existing_task_demand_probe,seed,16,
21,"Energetics of Trail Running, Load Carriage, and Emigration in the Column-Raiding Army Ant Eciton hamatum",1988,"George A. Bartholomew, John R. B. Lighton, Donald H. Feener",Physiological Zoology,10.1086/physzool.61.1.30163737,https://doi.org/10.1086/physzool.61.1.30163737,pheromone_trail_foraging;nest_relocation_house_hunting;army_ant_raids_mills,direct_or_near_term,existing_or_extend_ant_mill_probe;existing_or_extend_trail_probe,Eciton army ant raid trail pheromone,15,64
22,Spatiotemporal chemotactic model for ant foraging,2014,"Subramanian Ramakrishnan, Thomas Laurent, Manish Kumar, Andrea L. Bertozzi",Modern Physics Letters B,10.1142/s0217984914502388,https://doi.org/10.1142/s0217984914502388,pheromone_trail_foraging;computational_swarm_model,direct_or_near_term,existing_or_extend_trail_probe,ant foraging pheromone model,15,8
23,Trail traffic flow prediction by contact frequency among individual ants,2013,"Hideyasu Sasaki, Ho-fung Leung",Swarm Intelligence,10.1007/s11721-013-0085-8,https://doi.org/10.1007/s11721-013-0085-8,pheromone_trail_foraging;traffic_collective_motion;networks_interactions;computational_swarm_model,direct_or_near_term,existing_or_extend_trail_probe;existing_traffic_density_probe,ant traffic trail density flow,15,8
24,Congestion-Free Ant Traffic: Jam Absorption Mechanism in Multiple Platoons,2019,"Prafull Kasture, Hidekazu Nishimura",Applied Sciences,10.3390/app9142918,https://doi.org/10.3390/app9142918,pheromone_trail_foraging;traffic_collective_motion;computational_swarm_model,direct_or_near_term,existing_or_extend_trail_probe;existing_traffic_density_probe,ant trail traffic jam density,15,6
25,Interactions and information: Exploring task allocation in ant colonies using network analysis,2021,"Anshuman Swain, Sara D. Williams, Louisa J. Di Felice, Elizabeth A. Hobson",openRxiv,10.1101/2021.03.29.437501,https://doi.org/10.1101/2021.03.29.437501,pheromone_trail_foraging;traffic_collective_motion;task_allocation_division_labor;networks_interactions,direct_or_near_term,existing_or_extend_trail_probe;existing_task_demand_probe;existing_traffic_density_probe,ant task allocation response threshold,15,1
26,The Neuro-ethology of Collective Decision-Making in Ant Colonies: A Case Study on Formica Rufa,2025,Nasar Ahmed khan,International Journal for Multidimensional Research Perspectives,10.61877/ijmrp.v3i9.303,https://doi.org/10.61877/ijmrp.v3i9.303,pheromone_trail_foraging;networks_interactions;computational_swarm_model,direct_or_near_term,existing_or_extend_trail_probe,ant collective decision making foraging,15,0
27,"Modulation of pheromone trail strength with food quality in Pharaoh's ant, Monomorium pharaonis",2007,"Duncan E. Jackson, Nicolas Châline",Animal Behaviour,10.1016/j.anbehav.2006.11.027,https://doi.org/10.1016/j.anbehav.2006.11.027,pheromone_trail_foraging;food_quality_choice,direct_or_near_term,existing_or_extend_trail_probe;needs_food_quality_resource_model,ant pheromone trail foraging,14,59
28,A cellular automata ant memory model of foraging in a swarm of robots,2017,"Danielli A. Lima, Gina M. B. Oliveira",Applied Mathematical Modelling,10.1016/j.apm.2017.03.021,https://doi.org/10.1016/j.apm.2017.03.021,pheromone_trail_foraging;computational_swarm_model,direct_or_near_term,existing_or_extend_trail_probe,ant foraging pheromone model,14,55
29,An agent-based model to investigate the roles of attractive and repellent pheromones in ant decision making during foraging,2008,"Elva J.H. Robinson, Francis L.W. Ratnieks, M. Holcombe",Journal of Theoretical Biology,10.1016/j.jtbi.2008.08.015,https://doi.org/10.1016/j.jtbi.2008.08.015,pheromone_trail_foraging;computational_swarm_model,direct_or_near_term,existing_or_extend_trail_probe,ant collective decision making foraging,14,43
30,Trail Pheromone Disruption of Argentine Ant Trail Formation and Foraging,2010,"David Maxwell Suckling, Robert W. Peck, Lloyd D. Stringer, Kirsten Snook, et al.",Journal of Chemical Ecology,10.1007/s10886-009-9734-1,https://doi.org/10.1007/s10886-009-9734-1,misleading_negative_pheromone;pheromone_trail_foraging,direct_or_near_term,existing_or_extend_negative_pheromone_probe;existing_or_extend_trail_probe,ant pheromone trail foraging,14,27
31,The foraging ecology of the army ant Eciton rapax: an ergonomic enigma?,1985,"JAMES L. BURTON, NIGEL R. FRANKS",Ecological Entomology,10.1111/j.1365-2311.1985.tb00542.x,https://doi.org/10.1111/j.1365-2311.1985.tb00542.x,pheromone_trail_foraging;nest_relocation_house_hunting;army_ant_raids_mills;food_quality_choice,direct_or_near_term,existing_or_extend_ant_mill_probe;existing_or_extend_trail_probe;needs_food_quality_resource_model,Eciton army ant raid trail pheromone,14,24
32,A probabilistic cellular automata ant memory model for a swarm of foraging robots,2016,"Danielli A. Lima, Gina M. B. Oliveira","2016 14th International Conference on Control, Automation, Robotics and Vision (ICARCV)",10.1109/icarcv.2016.7838615,https://doi.org/10.1109/icarcv.2016.7838615,pheromone_trail_foraging;computational_swarm_model,direct_or_near_term,existing_or_extend_trail_probe,ant foraging pheromone model,14,13
33,Ants (Lasius niger) deposit more pheromone close to food sources and further from the nest but do not attempt to update erroneous pheromone trails,2024,"Tomer J. Czaczkes, Federico-Javier Olivera-Rodriguez, Laure-Anne Poissonnier",Insectes Sociaux,10.1007/s00040-024-00995-y,https://doi.org/10.1007/s00040-024-00995-y,pheromone_trail_foraging;food_quality_choice;networks_interactions,direct_or_near_term,existing_or_extend_trail_probe;needs_food_quality_resource_model,Lasius niger food recruitment pheromone,14,10
34,"Aerosol delivery of trail pheromone disrupts the foraging of the red imported fire ant, <i>Solenopsis invicta</i>",2012,"David Maxwell Suckling, Lloyd D Stringer, Joshua E Corn, Barry Bunn, et al.",Pest Management Science,10.1002/ps.3349,https://doi.org/10.1002/ps.3349,misleading_negative_pheromone;pheromone_trail_foraging,direct_or_near_term,existing_or_extend_negative_pheromone_probe;existing_or_extend_trail_probe,ant pheromone trail foraging,14,8
35,Formal analysis in a cellular automata ant model using swarm intelligence in robotics foraging task,2017,"Danielli A. Lima, Gina M. B. Oliveira","2017 IEEE International Conference on Systems, Man, and Cybernetics (SMC)",10.1109/smc.2017.8122876,https://doi.org/10.1109/smc.2017.8122876,pheromone_trail_foraging;computational_swarm_model,direct_or_near_term,existing_or_extend_trail_probe,ant foraging pheromone model,14,5
36,Ant Colony Optimization Based Model Checking Extended by Smell-like Pheromone,2016,"Tsutomu Kumazawa, Chihiro Yokoyama, Munehiro Takimoto, Yasushi Kambayashi",EAI Endorsed Transactions on Industrial Networks and Intelligent Systems,10.4108/eai.21-4-2016.151156,https://doi.org/10.4108/eai.21-4-2016.151156,pheromone_trail_foraging;networks_interactions;computational_swarm_model,direct_or_near_term,existing_or_extend_trail_probe,ant foraging pheromone model,14,5
37,Walk this way: modeling foraging ant dynamics in multiple food source environments,2024,"Sean Hartman, Shawn D. Ryan, Bhargav R. Karamched",Journal of Mathematical Biology,10.1007/s00285-024-02136-2,https://doi.org/10.1007/s00285-024-02136-2,pheromone_trail_foraging;networks_interactions;computational_swarm_model,direct_or_near_term,existing_or_extend_trail_probe,ant foraging food quality recruitment,14,4
38,A continuous model of ant foraging with pheromones and trail formation,2015,Paulo Amorim,Proceeding Series of the Brazilian Society of Computational and Applied Mathematics,10.5540/03.2015.003.01.0323,https://doi.org/10.5540/03.2015.003.01.0323,pheromone_trail_foraging;computational_swarm_model,direct_or_near_term,existing_or_extend_trail_probe,ant pheromone trail foraging,14,3
39,Distributed Task Allocation in Network of Agents Based on Ant Colony Foraging Behavior,2023,Dorian Minarolli,Proceedings of the 24th International Conference on Computer Systems and Technologies,10.1145/3606305.3606324,https://doi.org/10.1145/3606305.3606324,pheromone_trail_foraging;task_allocation_division_labor;networks_interactions;computational_swarm_model,direct_or_near_term,existing_or_extend_trail_probe;existing_task_demand_probe,ant task allocation response threshold,14,2
40,Avoiding traffic jams: Hitchhiking behavior as a strategy to reduce ant workers’ traffic on the foraging trail,2018,"Isabel Neto Hastenreiter, Juliane Floriano Santos Lopes, Roberto da Silva Camargo, Luiz Carlos Forti",Behavioural Processes,10.1016/j.beproc.2018.08.015,https://doi.org/10.1016/j.beproc.2018.08.015,pheromone_trail_foraging;traffic_collective_motion,direct_or_near_term,existing_or_extend_trail_probe;existing_traffic_density_probe,ant traffic trail density flow,14,2
41,Effect of trail pheromones and weather on the moving behaviour of the army ant Eciton burchellii,2011,"D. Califano, J. Chaves-Campos",Insectes Sociaux,10.1007/s00040-010-0140-z,https://doi.org/10.1007/s00040-010-0140-z,pheromone_trail_foraging;army_ant_raids_mills,direct_or_near_term,existing_or_extend_ant_mill_probe;existing_or_extend_trail_probe,Eciton army ant raid trail pheromone,14,2
42,Delay-Induced Hopf Bifurcation and Entropy-Based Distributional Uncertainty in a Stochastic Time-Delay Pheromone Feedback Model of Ant Foraging Dynamics,2026,"Jiaxin Zhu, Luyan Wang, Qiubao Wang",Entropy,10.3390/e28070751,https://doi.org/10.3390/e28070751,pheromone_trail_foraging;computational_swarm_model,direct_or_near_term,existing_or_extend_trail_probe,ant foraging pheromone model,14,0
43,"Pheromone trail following is not modulated by previous visit to food location, distance travelled, or travel direction in the ant Lasius niger",2026,"L.-A. Poissonnier, D. Winter, F.‑J. Olivera‑Rodriguez, C. Werneke, et al.",Insectes Sociaux,10.1007/s00040-026-01106-9,https://doi.org/10.1007/s00040-026-01106-9,pheromone_trail_foraging;food_quality_choice,direct_or_near_term,existing_or_extend_trail_probe;needs_food_quality_resource_model,Lasius niger food recruitment pheromone,14,0
44,Building a polydomous colony: nest network expansion by Linepithema humile,2026,P. Nonacs,Insectes Sociaux,10.1007/s00040-026-01081-1,https://doi.org/10.1007/s00040-026-01081-1,pheromone_trail_foraging;brood_nest_microclimate;nest_relocation_house_hunting;food_quality_choice;networks_interactions,direct_or_near_term,existing_or_extend_trail_probe;extend_brood_microclimate_probe;needs_food_quality_resource_model,Linepithema humile trail pheromone foraging,14,0
45,"Pheromone trail following is not modulated by previous visit to food location, distance travelled, or travel direction in the ant Lasius niger",2025,"Laure-Anne Poissonnier, Delia Winter, Federico Federico-Javier Olivera-Rodriguez, Cosmina Werneke, et al.",Springer Science and Business Media LLC,10.21203/rs.3.rs-7630446/v1,https://doi.org/10.21203/rs.3.rs-7630446/v1,pheromone_trail_foraging;food_quality_choice,direct_or_near_term,existing_or_extend_trail_probe;needs_food_quality_resource_model,Lasius niger food recruitment pheromone,14,0
46,"Stop and go: exploring alternative mechanisms for task allocation in social insects - response and satisfaction thresholds trade off cost, accuracy, and speed differently",2024,"CM Lynch, RC Wilson, A Dornhaus",openRxiv,10.1101/2024.05.13.593812,https://doi.org/10.1101/2024.05.13.593812,pheromone_trail_foraging;task_allocation_division_labor;brood_nest_microclimate;computational_swarm_model,direct_or_near_term,existing_or_extend_trail_probe;existing_task_demand_probe;extend_brood_microclimate_probe,social insect task allocation ants response threshold,14,0
47,Walk This Way: Modeling Foraging Ant Dynamics in Multiple Food Source Environments,2024,"Sean Hartman, Shawn D. Ryan, Bhargav R. Karamched",openRxiv,10.1101/2024.01.20.576461,https://doi.org/10.1101/2024.01.20.576461,pheromone_trail_foraging;networks_interactions;computational_swarm_model,direct_or_near_term,existing_or_extend_trail_probe,ant stochasticity foraging pheromone,14,0
48,Ant traffic flow: Raiding swarms with few rules avoid gridlock,2002,Susan Milius,Science News,10.2307/4013963,https://doi.org/10.2307/4013963,traffic_collective_motion;army_ant_raids_mills;computational_swarm_model,direct_or_near_term,existing_or_extend_ant_mill_probe;existing_traffic_density_probe,ant traffic trail density flow,14,0
49,MODELING AND SIMULATION OF ANT COLONY'S LABOR DIVISION WITH CONSTRAINTS FOR TASK ALLOCATION OF RESILIENT SUPPLY CHAINS,2012,"RENBIN XIAO, TONGYANG YU, XIAOGUANG GONG",International Journal on Artificial Intelligence Tools,10.1142/s0218213012400143,https://doi.org/10.1142/s0218213012400143,task_allocation_division_labor;computational_swarm_model,direct_or_near_term,existing_task_demand_probe,ant division of labor task allocation model,13,39
50,Chemical Releasers of Social Behavior—IV. The Hindgut as the Source of the Odor Trail Pheromone in the Neotropical Army Ant Genus Eciton1,1964,"Murray S. Blum, Cesar A. Portocarrero",Annals of the Entomological Society of America,10.1093/aesa/57.6.793,https://doi.org/10.1093/aesa/57.6.793,pheromone_trail_foraging;army_ant_raids_mills,direct_or_near_term,existing_or_extend_ant_mill_probe;existing_or_extend_trail_probe,Eciton army ant raid trail pheromone,13,35
51,Plastic collective endothermy in a complex animal society (army ant bivouacs: <i>Eciton burchellii parvispinum</i> ),2019,"Kaitlin M. Baudier, Catherine L. D'Amelio, Elisabeth Sulger, Michael P. O'Connor, et al.",Ecography,10.1111/ecog.04064,https://doi.org/10.1111/ecog.04064,brood_nest_microclimate;army_ant_raids_mills,direct_or_near_term,existing_or_extend_ant_mill_probe;extend_brood_microclimate_probe,army ant raid collective behavior model,13,10
52,Multiple-Agent Task Allocation Algorithm Utilizing Ant Colony Optimization,2013,Kai Zhao,Journal of Networks,10.4304/jnw.8.11.2599-2606,https://doi.org/10.4304/jnw.8.11.2599-2606,task_allocation_division_labor;networks_interactions;computational_swarm_model,direct_or_near_term,existing_task_demand_probe,ant task allocation response threshold,13,4
53,"No evidence that recruitment pheromone modulates olfactory, visual, or spatial learning in the ant Lasius niger",2024,"Alexandra Koch, Melanie Kabas, Tomer J. Czaczkes",Behavioral Ecology and Sociobiology,10.1007/s00265-024-03430-1,https://doi.org/10.1007/s00265-024-03430-1,pheromone_trail_foraging;food_quality_choice,direct_or_near_term,existing_or_extend_trail_probe;needs_food_quality_resource_model,Lasius niger food recruitment pheromone,13,2
54,Reduced foraging investment as an adaptation to patchy food sources: a phasic army ant simulation,2017,"Serafino Teseo, Francesco Delloro",openRxiv,10.1101/101600,https://doi.org/10.1101/101600,pheromone_trail_foraging;brood_nest_microclimate;army_ant_raids_mills;computational_swarm_model,direct_or_near_term,existing_or_extend_ant_mill_probe;existing_or_extend_trail_probe;extend_brood_microclimate_probe,army ant raid collective behavior model,13,0
55,"Quorum sensing, recruitment, and collective decision-making during colony emigration by the ant Leptothorax albipennis",2002,"Stephen Pratt, Eamonn Mallon, David Sumpter, Nigel Franks",Behavioral Ecology and Sociobiology,10.1007/s00265-002-0487-x,https://doi.org/10.1007/s00265-002-0487-x,pheromone_trail_foraging;nest_relocation_house_hunting,direct_or_near_term,existing_or_extend_trail_probe,ant house hunting quorum decision,12,364
56,Ant-like task allocation and recruitment in cooperative robots,2000,"Michael J. B. Krieger, Jean-Bernard Billeter, Laurent Keller",Nature,10.1038/35023164,https://doi.org/10.1038/35023164,pheromone_trail_foraging;task_allocation_division_labor;computational_swarm_model,direct_or_near_term,existing_or_extend_trail_probe;existing_task_demand_probe,ant task allocation response threshold,12,265
57,From nonlinearity to optimality: pheromone trail foraging by ants,2003,"David J.T Sumpter, Madeleine Beekman",Animal Behaviour,10.1006/anbe.2003.2224,https://doi.org/10.1006/anbe.2003.2224,pheromone_trail_foraging,direct_or_near_term,existing_or_extend_trail_probe,ant pheromone trail foraging,12,183
58,Trail geometry gives polarity to ant foraging networks,2004,"Duncan E. Jackson, Mike Holcombe, Francis L. W. Ratnieks",Nature,10.1038/nature03105,https://doi.org/10.1038/nature03105,pheromone_trail_foraging;networks_interactions,direct_or_near_term,existing_or_extend_trail_probe,ant pheromone trail foraging,12,136
59,The blind leading the blind in army ant raid patterns: Testing a model of self-organization (Hymenoptera: Formicidae),1991,"N. R. Franks, N. Gomez, S. Goss, J. L. Deneubourg",Journal of Insect Behavior,10.1007/bf01048072,https://doi.org/10.1007/bf01048072,army_ant_raids_mills;computational_swarm_model,direct_or_near_term,existing_or_extend_ant_mill_probe,army ant raid collective behavior model,12,105
60,Algorithms for task allocation in ants. (A study of temporal polyethism: Theory),1993,Chris Tofts,Bulletin of Mathematical Biology,10.1007/bf02460691,https://doi.org/10.1007/bf02460691,task_allocation_division_labor;computational_swarm_model,direct_or_near_term,existing_task_demand_probe,social insect task allocation ants response threshold,12,76
61,Multi-robot Task Allocation Based on Ant Colony Algorithm,2012,"Jianping Wang, Yuesheng Gu, Xiaomin Li",Journal of Computers,10.4304/jcp.7.9.2160-2167,https://doi.org/10.4304/jcp.7.9.2160-2167,task_allocation_division_labor;computational_swarm_model,direct_or_near_term,existing_task_demand_probe,ant task allocation response threshold,12,46
62,Spatial and temporal variation in pheromone composition of ant foraging trails,2007,"D. E. Jackson, S. J. Martin, F. L. W. Ratnieks, M. Holcombe",Behavioral Ecology,10.1093/beheco/arl104,https://doi.org/10.1093/beheco/arl104,pheromone_trail_foraging,direct_or_near_term,existing_or_extend_trail_probe,ant foraging pheromone model,12,44
63,A connectionist type model of self-organized foraging and emergent behavior in ant swarms,1992,Mark M. Millonas,Journal of Theoretical Biology,10.1016/s0022-5193(05)80697-6,https://doi.org/10.1016/s0022-5193(05)80697-6,pheromone_trail_foraging;computational_swarm_model,direct_or_near_term,existing_or_extend_trail_probe,ant foraging pheromone model,12,39
64,Pheromone Disruption of Argentine Ant Trail Integrity,2008,"D. M. Suckling, R. W. Peck, L. M. Manning, L. D. Stringer, et al.",Journal of Chemical Ecology,10.1007/s10886-008-9566-4,https://doi.org/10.1007/s10886-008-9566-4,misleading_negative_pheromone;pheromone_trail_foraging,direct_or_near_term,existing_or_extend_negative_pheromone_probe;existing_or_extend_trail_probe,Argentine ant trail pheromone foraging,12,35
65,Colony size does not predict foraging distance in the ant Temnothorax rugatulus: a puzzle for standard scaling models,2013,"S. E. Bengston, A. Dornhaus",Insectes Sociaux,10.1007/s00040-012-0272-4,https://doi.org/10.1007/s00040-012-0272-4,pheromone_trail_foraging;food_quality_choice;computational_swarm_model,direct_or_near_term,existing_or_extend_trail_probe;needs_food_quality_resource_model,ant foraging distance food quality pheromone,12,32
66,Consensus decision making in the ant Myrmecina nipponica: house-hunters combine pheromone trails with quorum responses,2012,Adam L. Cronin,Animal Behaviour,10.1016/j.anbehav.2012.08.036,https://doi.org/10.1016/j.anbehav.2012.08.036,pheromone_trail_foraging;nest_relocation_house_hunting,direct_or_near_term,existing_or_extend_trail_probe,ant house hunting quorum decision,12,31
67,Argentine Ant (Hymenoptera: Formicidae) Trail Pheromone Enhances Consumption of Liquid Sucrose Solution,2000,"Les Greenberg, John H. Klotz",Journal of Economic Entomology,10.1603/0022-0493-93.1.119,https://doi.org/10.1603/0022-0493-93.1.119,pheromone_trail_foraging;food_quality_choice,direct_or_near_term,existing_or_extend_trail_probe;needs_food_quality_resource_model,Argentine ant trail pheromone foraging,12,27
68,"Movement, Encounter Rate, and Collective Behavior in Ant Colonies",2021,Deborah M Gordon,Annals of the Entomological Society of America,10.1093/aesa/saaa036,https://doi.org/10.1093/aesa/saaa036,traffic_collective_motion;task_allocation_division_labor;networks_interactions,direct_or_near_term,existing_task_demand_probe;existing_traffic_density_probe,army ant raid collective behavior model,12,25
69,"Response thresholds to recruitment signals and the regulation of foraging intensity in the ant Myrmica sabuleti (Hymenoptera, Formicidae)",2000,"Jean-Christophe de Biseau, Jacques M. Pasteels",Behavioural Processes,10.1016/s0376-6357(99)00077-7,https://doi.org/10.1016/s0376-6357(99)00077-7,pheromone_trail_foraging;task_allocation_division_labor,direct_or_near_term,existing_or_extend_trail_probe;existing_task_demand_probe,ant foraging food quality recruitment,12,22
70,Foraging energetics of a nectar-feeding ant: metabolic expenditure as a function of food-source profitability,2006,"Pablo E. Schilman, Flavio Roces",Journal of Experimental Biology,10.1242/jeb.02478,https://doi.org/10.1242/jeb.02478,pheromone_trail_foraging;traffic_collective_motion;food_quality_choice;computational_swarm_model,direct_or_near_term,existing_or_extend_trail_probe;existing_traffic_density_probe;needs_food_quality_resource_model,ant foraging food quality recruitment,12,21
71,Coordination of Raiding and Emigration in the Ponerine Army Ant Leptogenys distinguenda (Hymenoptera: Formicidae: Ponerinae): A Signal Analysis,2002,"V. Witte, U. Maschwitz",Journal of Insect Behavior,10.1023/a:1015484917019,https://doi.org/10.1023/a:1015484917019,nest_relocation_house_hunting;army_ant_raids_mills,direct_or_near_term,existing_or_extend_ant_mill_probe,army ant raid collective behavior model,12,20
72,Notes on an army ant (<i>Eciton burchelli</i>) raid on a social wasp colony (<i>Agelaia yepocapa</i>) in Costa Rica,1990,"Sean O'Donnell, Robert L. Jeanne",Journal of Tropical Ecology,10.1017/s0266467400004958,https://doi.org/10.1017/s0266467400004958,army_ant_raids_mills,direct_or_near_term,existing_or_extend_ant_mill_probe,army ant raid collective behavior model,12,19
73,First identification of a trail pheromone of an army ant (Aenictus species),1994,"N. J. Oldham, E. D. Morgan, B. Gobin, J. Billen",Experientia,10.1007/bf01919378,https://doi.org/10.1007/bf01919378,pheromone_trail_foraging;army_ant_raids_mills,direct_or_near_term,existing_or_extend_ant_mill_probe;existing_or_extend_trail_probe,ant tropotaxis pheromone trail,12,18
74,Effect of Trail Bifurcation Asymmetry and Pheromone Presence or Absence on Trail Choice by <i>Lasius niger</i> Ants,2014,"Antonia Forster, Tomer J. Czaczkes, Emma Warner, Tom Woodall, et al.",Ethology,10.1111/eth.12248,https://doi.org/10.1111/eth.12248,pheromone_trail_foraging;networks_interactions,direct_or_near_term,existing_or_extend_trail_probe,Lasius niger food recruitment pheromone,12,17
75,Evolving neural networks using ant colony optimization with pheromone trail limits,2013,"Michalis Mavrovouniotis, Shengxiang Yang",2013 13th UK Workshop on Computational Intelligence (UKCI),10.1109/ukci.2013.6651282,https://doi.org/10.1109/ukci.2013.6651282,pheromone_trail_foraging;networks_interactions,direct_or_near_term,existing_or_extend_trail_probe,ant pheromone trail foraging,12,17
76,Argentine Ant Trail Pheromone Disruption is Mediated by Trail Concentration,2011,"David Maxwell Suckling, Lloyd D. Stringer, Joshua E. Corn",Journal of Chemical Ecology,10.1007/s10886-011-0019-0,https://doi.org/10.1007/s10886-011-0019-0,misleading_negative_pheromone;pheromone_trail_foraging,direct_or_near_term,existing_or_extend_negative_pheromone_probe;existing_or_extend_trail_probe,ant pheromone trail foraging,12,17
77,Food recruitment as a component of the trunk-trail foraging behaviour of Lasius fuliginosus (Hymenoptera: Formicidae),1997,"Yves Quinet, Jean-Christophe de Biseau, Jacques M Pasteels",Behavioural Processes,10.1016/s0376-6357(97)00773-0,https://doi.org/10.1016/s0376-6357(97)00773-0,pheromone_trail_foraging,direct_or_near_term,existing_or_extend_trail_probe,Lasius niger food recruitment pheromone,12,16
78,An Improvement in ant Algorithm Method for Optimizing a Transport Route with Regard to Traffic Flow,2017,"Viktor Danchuk, Olena Bakulich, Vitaliy Svatko",Procedia Engineering,10.1016/j.proeng.2017.04.396,https://doi.org/10.1016/j.proeng.2017.04.396,traffic_collective_motion;computational_swarm_model,direct_or_near_term,existing_traffic_density_probe,ant traffic trail density flow,12,15
79,Elevational and geographic variation in army ant swarm raid rates,2011,"S. O’Donnell, M. Kaspari, A. Kumar, J. Lattke, et al.",Insectes Sociaux,10.1007/s00040-010-0129-7,https://doi.org/10.1007/s00040-010-0129-7,army_ant_raids_mills;computational_swarm_model,direct_or_near_term,existing_or_extend_ant_mill_probe,army ant raid collective behavior model,12,15
80,Interactions and information: exploring task allocation in ant colonies using network analysis,2022,"Anshuman Swain, Sara D. Williams, Louisa J. Di Felice, Elizabeth A. Hobson",Animal Behaviour,10.1016/j.anbehav.2022.04.015,https://doi.org/10.1016/j.anbehav.2022.04.015,task_allocation_division_labor;networks_interactions,direct_or_near_term,existing_task_demand_probe,ant social insect network task allocation,12,9
81,"Decentralized communication, trail connectivity and emergent benefits of ant pheromone trail networks",2011,"Duncan E. Jackson, Mesude Bicak, Mike Holcombe",Memetic Computing,10.1007/s12293-010-0039-2,https://doi.org/10.1007/s12293-010-0039-2,pheromone_trail_foraging;networks_interactions,direct_or_near_term,existing_or_extend_trail_probe,ant pheromone trail foraging,12,8
82,Research on task allocation in multiple logistics robots based on an improved ant colony algorithm,2016,"Juntao Li, Tingting Dong, Yuanyuan Li",2016 International Conference on Robotics and Automation Engineering (ICRAE),10.1109/icrae.2016.7738780,https://doi.org/10.1109/icrae.2016.7738780,task_allocation_division_labor;computational_swarm_model,direct_or_near_term,existing_task_demand_probe,ant task allocation response threshold,12,7
83,Multi-Agent Cooperation Using the Ant Algorithm with Variable Pheromone Placement,2005,"E. Borzello, L.D. Merkle",2005 IEEE Congress on Evolutionary Computation,10.1109/cec.2005.1554831,https://doi.org/10.1109/cec.2005.1554831,pheromone_trail_foraging;computational_swarm_model,direct_or_near_term,existing_or_extend_trail_probe,ant double bridge experiment pheromone,12,7
84,Trail Pheromone Does Not Modulate Subjective Reward Evaluation in Lasius niger Ants,2020,"Felix B. Oberhauser, Stephanie Wendt, Tomer J. Czaczkes",Frontiers in Psychology,10.3389/fpsyg.2020.555576,https://doi.org/10.3389/fpsyg.2020.555576,pheromone_trail_foraging;food_quality_choice,direct_or_near_term,existing_or_extend_trail_probe;needs_food_quality_resource_model,Lasius niger food recruitment pheromone,12,6
85,Optimal ant colony algorithm based multi-robot task allocation and processing sequence scheduling,2008,"Taixiong Zheng, Liangyi Yang",2008 7th World Congress on Intelligent Control and Automation,10.1109/wcica.2008.4593859,https://doi.org/10.1109/wcica.2008.4593859,task_allocation_division_labor;computational_swarm_model,direct_or_near_term,existing_task_demand_probe,ant task allocation response threshold,12,6
86,A single-pheromone model accounts for empirical patterns of ant colony foraging previously modeled using two pheromones,2023,"Eric Saund, Daniel Ari Friedman",Cognitive Systems Research,10.1016/j.cogsys.2023.02.005,https://doi.org/10.1016/j.cogsys.2023.02.005,pheromone_trail_foraging;computational_swarm_model,direct_or_near_term,existing_or_extend_trail_probe,ant foraging pheromone model,12,5
87,Algorithms for task allocation in ants. (A study of temporal polyethism: Theory),1993,C TOFTS,Bulletin of Mathematical Biology,10.1016/s0092-8240(05)80195-8,https://doi.org/10.1016/s0092-8240(05)80195-8,task_allocation_division_labor;computational_swarm_model,direct_or_near_term,existing_task_demand_probe,social insect task allocation ants response threshold,12,5
88,Social organization of necrophoresis: insights into disease risk management in ant societies,2024,"Quentin Avanzi, Léon Lisart, Claire Detrain",Royal Society Open Science,10.1098/rsos.240764,https://doi.org/10.1098/rsos.240764,necrophoresis_social_immunity;networks_interactions,direct_or_near_term,extend_corpse_cleanup_probe,ant necrophoresis corpse removal chemical,12,4
89,Improved Intelligent Method for Traffic Flow Prediction Based on Artificial Neural Networks and Ant Colony Optimization,2012,Lingling Song -,Journal of Convergence Information Technology,10.4156/jcit.vol7.issue8.31,https://doi.org/10.4156/jcit.vol7.issue8.31,traffic_collective_motion;networks_interactions,direct_or_near_term,existing_traffic_density_probe,ant traffic trail density flow,12,4
90,Research on Improvement of Ant Colony Algorithm for Multi-Robot Task Allocation,2019,"Xu Li, Zhengyan Liu",2019 IEEE 8th Joint International Information Technology and Artificial Intelligence Conference (ITAIC),10.1109/itaic.2019.8785605,https://doi.org/10.1109/itaic.2019.8785605,task_allocation_division_labor;computational_swarm_model,direct_or_near_term,existing_task_demand_probe,ant task allocation response threshold,12,3
91,Modeling Ant Nest Relocation at Low Active Ratio by Particle Swarm Optimization,2019,Hideyasu Sasaki,2019 IEEE Congress on Evolutionary Computation (CEC),10.1109/cec.2019.8789942,https://doi.org/10.1109/cec.2019.8789942,nest_relocation_house_hunting;computational_swarm_model,needs_new_condition,,ant nest relocation quorum Temnothorax,12,3
92,"Novel observation of a raptor, Collared Forest-falcon ( <i>Micrastur semitorquatus</i> ), depredating a fleeing snake at an army ant ( <i>Eciton burchellii parvispinum</i> ) raid front",2018,"Robert J. Driver, Sara DeLeon, Sean O'Donnell",The Wilson Journal of Ornithology,10.1676/1559-4491-130.3.792,https://doi.org/10.1676/1559-4491-130.3.792,army_ant_raids_mills,direct_or_near_term,existing_or_extend_ant_mill_probe,army ant raid collective behavior model,12,3
93,Induced biotic response in Amazonian ant-plants: the role of leaf damage intensity and plant-derived food rewards on ant recruitment,2016,Thiago Gonçalves-Souza,Sociobiology,10.13102/sociobiology.v63i3.1050,https://doi.org/10.13102/sociobiology.v63i3.1050,pheromone_trail_foraging;food_quality_choice;computational_swarm_model,direct_or_near_term,existing_or_extend_trail_probe;needs_food_quality_resource_model,ant foraging food quality recruitment,12,3
94,Deterministic Model for Analyzing the Dynamics of Ant System Algorithm and Performance Amelioration through a New Pheromone Deposition Approach,2008,"Ayan Acharya, Deepyaman Maiti, Amit Konar, Janarthanan Ramadoss",2008 4th International Conference on Information and Automation for Sustainability,10.1109/iciafs.2008.4783979,https://doi.org/10.1109/iciafs.2008.4783979,pheromone_trail_foraging;computational_swarm_model,direct_or_near_term,existing_or_extend_trail_probe,ant foraging pheromone model,12,3
95,The emergence of a collective sensory response threshold in ant colonies,2021,"Asaf Gal, Daniel J. C. Kronauer",openRxiv,10.1101/2021.10.30.466564,https://doi.org/10.1101/2021.10.30.466564,task_allocation_division_labor;brood_nest_microclimate;networks_interactions;computational_swarm_model,direct_or_near_term,existing_task_demand_probe;extend_brood_microclimate_probe,ant task allocation response threshold,12,2
96,Optimal A* Path Planning with Ant Colony Optimization on Multi-Robot Task Allocation for Manufacturing Model,2021,"Rawinun Praserttaweelap, Somyot Kiatwanidvilai",2021 IEEE 8th International Conference on Industrial Engineering and Applications (ICIEA),10.1109/iciea52957.2021.9436716,https://doi.org/10.1109/iciea52957.2021.9436716,task_allocation_division_labor;computational_swarm_model,direct_or_near_term,existing_task_demand_probe,ant division of labor task allocation model,12,2
97,A Novel Improved Ant Colony Algorithm for Multi-Robot Task Allocation,2018,"Xu Li, Zhengyan Liu, Yan Zhang",2018 IEEE 4th Information Technology and Mechatronics Engineering Conference (ITOEC),10.1109/itoec.2018.8740438,https://doi.org/10.1109/itoec.2018.8740438,task_allocation_division_labor;computational_swarm_model,direct_or_near_term,existing_task_demand_probe,ant task allocation response threshold,12,2
98,Reduced foraging investment as an adaptation to patchy food sources: A phasic army ant simulation,2017,"Serafino Teseo, Francesco Delloro",Journal of Theoretical Biology,10.1016/j.jtbi.2017.06.009,https://doi.org/10.1016/j.jtbi.2017.06.009,pheromone_trail_foraging;army_ant_raids_mills;computational_swarm_model,direct_or_near_term,existing_or_extend_ant_mill_probe;existing_or_extend_trail_probe,ant foraging food quality recruitment,12,2
99,Ant Colony Algorithm in Traffic Flow Control,2024,"Andrii Danyliuk, Oleksandr Muliarevych",Advances in Cyber-Physical Systems,10.23939/acps2024.02.158,https://doi.org/10.23939/acps2024.02.158,traffic_collective_motion;computational_swarm_model,direct_or_near_term,existing_traffic_density_probe,ant traffic trail density flow,12,1
100,Graph Convolutional Network Based Ant Colony Optimization for Robot Task Allocation,2023,"Jiang Qiu, Yi Liu, Yilan Yu, Wei Li",2023 IEEE Symposium Series on Computational Intelligence (SSCI),10.1109/ssci52147.2023.10372050,https://doi.org/10.1109/ssci52147.2023.10372050,task_allocation_division_labor;networks_interactions;computational_swarm_model,direct_or_near_term,existing_task_demand_probe,ant social insect network task allocation,12,1
101,Ant Colony Optimization Algorithm for Traffic Flow Estimation,2017,"Milena Karova, Nikola Vasilev, Ivaylo Penev",Proceedings of the 18th International Conference on Computer Systems and Technologies,10.1145/3134302.3134317,https://doi.org/10.1145/3134302.3134317,traffic_collective_motion;computational_swarm_model,direct_or_near_term,existing_traffic_density_probe,ant traffic trail density flow,12,1
102,Traffic Flow Estimation Using Ant Colony Optimization Algorithms,2014,"Antonio Bolufe Rohler, Juan Manuel Otero Pereira, Sonia Fiol-González",Computación y Sistemas,10.13053/cys-18-1-2014-017,https://doi.org/10.13053/cys-18-1-2014-017,traffic_collective_motion;computational_swarm_model,direct_or_near_term,existing_traffic_density_probe,ant traffic trail density flow,12,1
103,Hybrid Algorithm Based on Ant and Genetic Algorithms for Task Allocation on a Network of Homogeneous Processors,2014,"Sawsan Yousef Abu Shuqeir, Tamara Amjad Al Qublan",International journal of Computer Networks &amp; Communications,10.5121/ijcnc.2014.6113,https://doi.org/10.5121/ijcnc.2014.6113,task_allocation_division_labor;networks_interactions;computational_swarm_model,direct_or_near_term,existing_task_demand_probe,ant social insect network task allocation,12,1
104,Ant System Algorithm with Negative Pheromone for Course Scheduling Problem,2008,"Djasli Djamarus, Ku Ruhana Ku-Mahamud",2008 Eighth International Conference on Intelligent Systems Design and Applications,10.1109/isda.2008.154,https://doi.org/10.1109/isda.2008.154,misleading_negative_pheromone;pheromone_trail_foraging;computational_swarm_model,direct_or_near_term,existing_or_extend_negative_pheromone_probe;existing_or_extend_trail_probe,ant negative pheromone foraging,12,1
105,Dynamics of ant activity under extreme climatic changes in 2024: effects of temperature and humidity on Formica rufa and Lasius fuliginosus behavior,2026,"STANISLAV STUKALYUK, MYKOLA KOZYR, VIRA BALABUKH",Turkish Journal of Zoology,10.55730/1300-0179.3265,https://doi.org/10.55730/1300-0179.3265,pheromone_trail_foraging;brood_nest_microclimate,direct_or_near_term,existing_or_extend_trail_probe;extend_brood_microclimate_probe,ant brood care temperature humidity,12,0
106,An Ensemble Ant Colony Optimization Algorithm with a Hybrid Pheromone Model for Learning Rule Lists,2025,"James Brookhouse, Ayah Helal, Fernando Otero",Proceedings of the Genetic and Evolutionary Computation Conference,10.1145/3712256.3726427,https://doi.org/10.1145/3712256.3726427,pheromone_trail_foraging;computational_swarm_model,direct_or_near_term,existing_or_extend_trail_probe,ant foraging pheromone model,12,0
107,ANTi-JAM solutions for smart roads: Ant-inspired traffic flow rules under CAVs environment,2025,"Marco Guerrieri, Nicola Pugno",Transportation Research Interdisciplinary Perspectives,10.1016/j.trip.2025.101331,https://doi.org/10.1016/j.trip.2025.101331,traffic_collective_motion,direct_or_near_term,existing_traffic_density_probe,ant trail traffic jam density,12,0
108,Pheromone representation in the ant antennal lobe changes with age,2024,"Taylor Hart, Lindsey E. Lopes, Dominic D. Frank, Daniel J.C. Kronauer",openRxiv,10.1101/2024.02.13.580193,https://doi.org/10.1101/2024.02.13.580193,pheromone_trail_foraging;task_allocation_division_labor;army_ant_raids_mills,direct_or_near_term,existing_or_extend_ant_mill_probe;existing_or_extend_trail_probe;existing_task_demand_probe,ant double bridge experiment pheromone,12,0
109,Anti-Jam Solutions for Smart Roads: Ant-Inspired Traffic Flow Rules Under Cooperative Automated Vehicles Environment,2024,"MARCO GUERRIERI, Nicola Pugno",Elsevier BV,10.2139/ssrn.4701534,https://doi.org/10.2139/ssrn.4701534,traffic_collective_motion,direct_or_near_term,existing_traffic_density_probe,ant traffic trail density flow,12,0
110,Research on Improved Ant Colony Path Planning Algorithm for Updating Pheromone of Subway Inspection Mobile Robot,2023,"Lina Wang, Xin Yang, Zeling Chen, Binrui Wang",Elsevier BV,10.2139/ssrn.4623370,https://doi.org/10.2139/ssrn.4623370,pheromone_trail_foraging;computational_swarm_model,direct_or_near_term,existing_or_extend_trail_probe,ant colony foraging model pheromone,12,0
111,Optimization Design of Expressway Traffic Flow Guidance System Based on GIS and Improved Ant Colony Optimization Algorithms,2023,"Xiaoying Xia, E Jing","2023 International Conference on Telecommunications, Electronics and Informatics (ICTEI)",10.1109/ictei60496.2023.00104,https://doi.org/10.1109/ictei60496.2023.00104,traffic_collective_motion;computational_swarm_model,direct_or_near_term,existing_traffic_density_probe,ant traffic trail density flow,12,0
112,"Role of the pheromone for orientation in the group foraging ant, Veromessor pergandei",2020,"Cody A Freas, Marcia L Spetch",Center for Open Science,10.31219/osf.io/w2rn4,https://doi.org/10.31219/osf.io/w2rn4,pheromone_trail_foraging;networks_interactions,direct_or_near_term,existing_or_extend_trail_probe,ant pheromone trail foraging,12,0
113,Modeling Fast and Robust Ant Nest Relocation using Particle Swarm Optimization,2019,Hideyasu Sasaki,The 2019 Conference on Artificial Life,10.1162/isal_a_00231,https://doi.org/10.1162/isal_a_00231,nest_relocation_house_hunting;computational_swarm_model,needs_new_condition,,ant nest relocation quorum Temnothorax,12,0
114,Optimal construction of army ant living bridges,2017,"Jason M. Graham, Albert B. Kao, Dylana A. Wilhelm, Simon Garnier",openRxiv,10.1101/116780,https://doi.org/10.1101/116780,pheromone_trail_foraging;army_ant_raids_mills;networks_interactions;computational_swarm_model,direct_or_near_term,existing_or_extend_ant_mill_probe;existing_or_extend_trail_probe,army ant raid collective behavior model,12,0
115,Fault Pheromone Trail Evaporation of Power Distribution Networks using Ant Colony Optimization,2014,"Ramesh Gamasu, Venkata Ramesh Babu Jasti",International Journal of Hybrid Information Technology,10.14257/ijhit.2014.7.1.07,https://doi.org/10.14257/ijhit.2014.7.1.07,pheromone_trail_foraging;networks_interactions,direct_or_near_term,existing_or_extend_trail_probe,ant tropotaxis pheromone trail,12,0
116,Traffic Flow Estimation Using Ant Colony Optimization Algorithms,2014,"Antonio Bolufe Rohler, Juan Manuel Otero Pereira, Sonia Fiol-González",Computación y Sistemas,10.13053/cys-18-1-1581,https://doi.org/10.13053/cys-18-1-1581,traffic_collective_motion;computational_swarm_model,direct_or_near_term,existing_traffic_density_probe,ant traffic trail density flow,12,0
117,Pheromone-Based Ant Colony Algorithm for Optimal Proliferation of Research,2013,Lei Lei Deng,Advanced Materials Research,10.4028/www.scientific.net/amr.734-737.3152,https://doi.org/10.4028/www.scientific.net/amr.734-737.3152,pheromone_trail_foraging;computational_swarm_model,direct_or_near_term,existing_or_extend_trail_probe,ant colony foraging model pheromone,12,0
118,Ant Colony Algorithm Based on Dynamic Adaptive Pheromone Updating and Its Simulation,2013,"Guiqing Liu, Juxia Xiong",2013 Sixth International Symposium on Computational Intelligence and Design,10.1109/iscid.2013.62,https://doi.org/10.1109/iscid.2013.62,pheromone_trail_foraging;computational_swarm_model,direct_or_near_term,existing_or_extend_trail_probe,ant colony foraging model pheromone,12,0
119,Traffic flow forecasting based on ant colony neural network,2010,"Qingle Pang, Min Zhang",2010 8th World Congress on Intelligent Control and Automation,10.1109/wcica.2010.5554931,https://doi.org/10.1109/wcica.2010.5554931,traffic_collective_motion;networks_interactions,direct_or_near_term,existing_traffic_density_probe,ant traffic trail density flow,12,0
120,The blind leading the blind: Modeling chemically mediated army ant raid patterns,1989,"J. L. Deneubourg, S. Goss, N. Franks, J. M. Pasteels",Journal of Insect Behavior,10.1007/bf01065789,https://doi.org/10.1007/bf01065789,army_ant_raids_mills;computational_swarm_model,direct_or_near_term,existing_or_extend_ant_mill_probe,army ant raid collective behavior model,11,160
